markup_id,reason,grade,error_tag,correct
222,Tippfehler,Der Fehler beeinträchtigt das Verständnis nicht,Orthographie,denkt
1921,Interferenz mit der Muttersprache,Der Sinn ist unverständlich oder verfälscht,Zusammengesetzte Wörter,Ausrufesätze
5196,Interferenz mit der Muttersprache,Der Sinn ist unverständlich oder verfälscht,Auslassungen,ist
5220,Interferenz mit der Muttersprache,Der Fehler beeinträchtigt das Verständnis,Geschlecht,ein schönes Gastkonzert
7698,Interferenz mit der Muttersprache,Der Fehler beeinträchtigt das Verständnis nicht,Interpunktion,-
8074,Interferenz mit der Muttersprache,Der Fehler beeinträchtigt das Verständnis,Auslassungen,alt
8233,Interferenz mit der Muttersprache,Der Fehler beeinträchtigt das Verständnis,Lexemauswahl,liegen lassen
8294,Interferenz mit Englisch,Der Fehler beeinträchtigt das Verständnis nicht,Orthographie,ich
8745,Interferenz mit Englisch,Der Fehler beeinträchtigt das Verständnis nicht,Orthographie,ich
269517,Interferenz mit Englisch,Der Fehler beeinträchtigt das Verständnis nicht,Feste Wendungen,Was ihr wollt
269890,Interferenz mit der Muttersprache,Der Fehler beeinträchtigt das Verständnis nicht,Deklination von Adjektiven,voll
269892,Interferenz mit der Muttersprache,Der Fehler beeinträchtigt das Verständnis,Deklination von Adjektiven,traurig
10504,Interferenz mit Englisch,Der Fehler beeinträchtigt das Verständnis,Wortstellung,Geschenk meiner Mutter
10501,Interferenz mit Englisch,Der Fehler beeinträchtigt das Verständnis,Deklination,Mutter
269895,Interferenz mit der Muttersprache,Der Fehler beeinträchtigt das Verständnis,Geschlecht,Seine Stirn
270222,Interferenz mit Englisch,Der Sinn ist unverständlich oder verfälscht,Orthographie,Hut
270216,Interferenz mit der Muttersprache,Der Fehler beeinträchtigt das Verständnis,Geschlecht,Seine Stirn
11508,Interferenz mit der Muttersprache,Der Fehler beeinträchtigt das Verständnis,Rektion von Verben,-
12018,Interferenz mit der Muttersprache,Der Fehler beeinträchtigt das Verständnis,Konjunktionen,als
12032,Interferenz mit der Muttersprache,Der Sinn ist unverständlich oder verfälscht,Wahl der Präposition,zu
12146,Interferenz mit der Muttersprache,Der Fehler beeinträchtigt das Verständnis,Negationsartikel,kein
12153,Interferenz mit der Muttersprache,Der Fehler beeinträchtigt das Verständnis,Auslassungen,seit
12170,Interferenz mit der Muttersprache,Der Fehler beeinträchtigt das Verständnis,Wahl der Präposition,zu
269919,Interferenz mit der Muttersprache,Der Sinn ist unverständlich oder verfälscht,Numerus,einen Schnurbart
270262,Tippfehler,Der Fehler beeinträchtigt das Verständnis,Orthographie,eingeschlafen
269926,Interferenz mit der Muttersprache,Der Fehler beeinträchtigt das Verständnis nicht,Deklination von Adjektiven,glatt
269928,Interferenz mit der Muttersprache,Der Fehler beeinträchtigt das Verständnis,Deklination von Adjektiven,hoch
269930,Interferenz mit der Muttersprache,Der Fehler beeinträchtigt das Verständnis nicht,Geschlecht,seine Nase
269933,Interferenz mit der Muttersprache,Der Fehler beeinträchtigt das Verständnis,Deklination von Adjektiven,eingefallen
12626,Interferenz mit der Muttersprache,Der Fehler beeinträchtigt das Verständnis,Trennbare Verben,üben
12632,Tippfehler,Der Fehler beeinträchtigt das Verständnis,Orthographie,schafft
12784,Tippfehler,Der Sinn ist unverständlich oder verfälscht,Trennbare Verben,stellt ... dar.
12788,Interferenz mit der Muttersprache,Der Fehler beeinträchtigt das Verständnis nicht,Lexemauswahl,Arbeit
12801,Interferenz mit der Muttersprache,Der Fehler beeinträchtigt das Verständnis,Trennbare Verben,übt
12810,Tippfehler,Der Sinn ist unverständlich oder verfälscht,Lexemauswahl,reich
12815,Interferenz mit der Muttersprache,Der Fehler beeinträchtigt das Verständnis,Lexemauswahl,sehen ... an
12816,Interferenz mit der Muttersprache,Der Fehler beeinträchtigt das Verständnis nicht,Orthographie,Kauf
12822,Tippfehler,Der Fehler beeinträchtigt das Verständnis,Orthographie,Jugendlichen
12825,Interferenz mit Englisch,Der Sinn ist unverständlich oder verfälscht,Lexemauswahl,Kaufpreis
12941,Interferenz mit der Muttersprache,Der Fehler beeinträchtigt das Verständnis nicht,Präsens,warte auf deine Antwort
13112,Interferenz mit der Muttersprache,Der Fehler beeinträchtigt das Verständnis nicht,Logik,Es hat mir auch gefallen
14216,Interferenz mit Englisch,Der Fehler beeinträchtigt das Verständnis nicht,Sprachstil,und
269437,Interferenz mit der Muttersprache,Der Fehler beeinträchtigt das Verständnis,Konjunktionen,als
269439,Interferenz mit der Muttersprache,Der Fehler beeinträchtigt das Verständnis,Konjunktionen,Als
14897,Tippfehler,Der Sinn ist unverständlich oder verfälscht,Orthographie,sie
14910,Interferenz mit der Muttersprache,Der Fehler beeinträchtigt das Verständnis,Lexik,Russe
14912,Interferenz mit der Muttersprache,Der Fehler beeinträchtigt das Verständnis,Adverbien,davon
15046,Interferenz mit der Muttersprache,Der Fehler beeinträchtigt das Verständnis nicht,Lexemauswahl,echt gut
15101,Interferenz mit der Muttersprache,Der Fehler beeinträchtigt das Verständnis,Wortstellung,der Idee nach
15214,Interferenz mit Englisch,Der Sinn ist unverständlich oder verfälscht,Orthographie,Agriculture
15252,Interferenz mit Englisch,Der Fehler beeinträchtigt das Verständnis nicht,Sprachstil,LG
15300,Tippfehler,Der Sinn ist unverständlich oder verfälscht,Orthographie,sehr
15614,Interferenz mit Englisch,Der Fehler beeinträchtigt das Verständnis,Orthographie,Skulptur
16824,Interferenz mit der Muttersprache,Der Fehler beeinträchtigt das Verständnis,Präpositionen,in der letzten Zeit
16902,Interferenz mit der Muttersprache,Der Fehler beeinträchtigt das Verständnis nicht,Interpunktion,-
17128,Interferenz mit Englisch,Der Fehler beeinträchtigt das Verständnis,Numerus,die FIscher
17132,Interferenz mit Englisch,Der Fehler beeinträchtigt das Verständnis,Numerus,die Fischer
17174,Interferenz mit der Muttersprache,Der Fehler beeinträchtigt das Verständnis,Konjunktionen,und
17279,Interferenz mit der Muttersprache,Der Fehler beeinträchtigt das Verständnis,Geschlecht,ein sehr schöner Ort
17343,Interferenz mit Englisch,Der Fehler beeinträchtigt das Verständnis nicht,Wortstellung,auch ein Symbol der Freundschaft
17385,Interferenz mit Englisch,Der Fehler beeinträchtigt das Verständnis nicht,Wortstellung,auch ein deutsches Geschenk 
17730,Tippfehler,Der Fehler beeinträchtigt das Verständnis nicht,Orthographie,Wunsch
18646,Interferenz mit der Muttersprache,Der Fehler beeinträchtigt das Verständnis nicht,Lexemauswahl,das ist wohl möglich
18898,Interferenz mit der Muttersprache,Der Fehler beeinträchtigt das Verständnis nicht,Interpunktion,-
19429,Tippfehler,Der Fehler beeinträchtigt das Verständnis,Deklination,Volkes
19529,Tippfehler,Der Fehler beeinträchtigt das Verständnis,Orthographie,bedeutet
19555,Interferenz mit der Muttersprache,Der Fehler beeinträchtigt das Verständnis nicht,Interpunktion,-
19734,Interferenz mit der Muttersprache,Der Fehler beeinträchtigt das Verständnis,Rektion von Verben,unterrichtet... Hunderte
269502,Interferenz mit der Muttersprache,Der Sinn ist unverständlich oder verfälscht,Passiv,die Grundlagen der Gesellschaft und besonders die Institution der Familie beschädigt werden?
20284,Interferenz mit der Muttersprache,Der Fehler beeinträchtigt das Verständnis,Lexemauswahl,Begrenzung
20311,Interferenz mit der Muttersprache,Der Fehler beeinträchtigt das Verständnis,Lexemauswahl,heutzutage relevant
20489,Interferenz mit der Muttersprache,Der Fehler beeinträchtigt das Verständnis,Adverbien,dazu
20695,Interferenz mit der Muttersprache,Der Fehler beeinträchtigt das Verständnis,Reflexivpronomen,uns
20711,Interferenz mit der Muttersprache,Der Fehler beeinträchtigt das Verständnis,Trennbare Verben,trat...ein
21151,Interferenz mit der Muttersprache,Der Sinn ist unverständlich oder verfälscht,Lexemauswahl,vernachlässigt
21302,Interferenz mit der Muttersprache,Der Fehler beeinträchtigt das Verständnis,Präsens,versuche
21351,Interferenz mit der Muttersprache,Der Fehler beeinträchtigt das Verständnis nicht,Interpunktion,-
21362,Interferenz mit Englisch,Der Fehler beeinträchtigt das Verständnis nicht,Orthographie,Natascha Rostowa
21429,Interferenz mit Englisch,Der Fehler beeinträchtigt das Verständnis nicht,Orthographie,Rostows und Bolkonskijs
21446,Interferenz mit Englisch,Der Fehler beeinträchtigt das Verständnis nicht,Orthographie,Andrej Bolkonskij
21454,Interferenz mit Englisch,Der Fehler beeinträchtigt das Verständnis,Orthographie,Nikolaj und Petja
21458,Interferenz mit Englisch,Der Fehler beeinträchtigt das Verständnis nicht,Orthographie,Natascha Rostowa
23731,Interferenz mit der Muttersprache,Der Fehler beeinträchtigt das Verständnis nicht,Interpunktion,-
24612,Interferenz mit Englisch,Der Fehler beeinträchtigt das Verständnis nicht,Orthographie,Mikhailowitsch Roschal
26749,Interferenz mit der Muttersprache,Der Fehler beeinträchtigt das Verständnis,Konnektoren,Aber
26758,Interferenz mit der Muttersprache,Der Fehler beeinträchtigt das Verständnis nicht,Numerus,Informationen
26810,Interferenz mit der Muttersprache,Der Fehler beeinträchtigt das Verständnis,Adverbien,davon
26862,Interferenz mit der Muttersprache,Der Fehler beeinträchtigt das Verständnis nicht,Interpunktion,-
26936,Interferenz mit der Muttersprache,Der Fehler beeinträchtigt das Verständnis nicht,Interpunktion,-
27706,Interferenz mit der Muttersprache,Der Fehler beeinträchtigt das Verständnis,Feste Wendungen,schlechte Zeiten
27807,Interferenz mit der Muttersprache,Der Fehler beeinträchtigt das Verständnis,Feste Wendungen,gut in Form
28846,Interferenz mit der Muttersprache,Der Fehler beeinträchtigt das Verständnis nicht,Interpunktion,-
28910,Interferenz mit der Muttersprache,Der Fehler beeinträchtigt das Verständnis,Numerus,kein Geld
28984,Tippfehler,Der Fehler beeinträchtigt das Verständnis nicht,Orthographie,diesen
29143,Interferenz mit der Muttersprache,Der Fehler beeinträchtigt das Verständnis nicht,Interpunktion,-
29145,Interferenz mit der Muttersprache,Der Fehler beeinträchtigt das Verständnis nicht,Interpunktion,-
29271,Interferenz mit der Muttersprache,Der Fehler beeinträchtigt das Verständnis nicht,Interpunktion,-
29663,Tippfehler,Der Fehler beeinträchtigt das Verständnis nicht,Orthographie,mache
29694,Tippfehler,Der Fehler beeinträchtigt das Verständnis,Orthographie,Sambo
29700,Tippfehler,Der Fehler beeinträchtigt das Verständnis,Orthographie,sehr
29723,Tippfehler,Der Fehler beeinträchtigt das Verständnis nicht,Orthographie,oder
30490,Interferenz mit der Muttersprache,Der Fehler beeinträchtigt das Verständnis,Lexemauswahl,mit
30959,Interferenz mit der Muttersprache,Der Sinn ist unverständlich oder verfälscht,Lexemauswahl,Die Russen
31059,Interferenz mit der Muttersprache,Der Sinn ist unverständlich oder verfälscht,Lexemauswahl,Russen
31388,Interferenz mit Englisch,Der Fehler beeinträchtigt das Verständnis,Lexemauswahl,In der Welt
31428,Interferenz mit Englisch,Der Fehler beeinträchtigt das Verständnis,Orthographie,Natur
32381,Interferenz mit der Muttersprache,Der Fehler beeinträchtigt das Verständnis,Personalpronomen,es
32473,Interferenz mit der Muttersprache,Der Fehler beeinträchtigt das Verständnis,Lexemauswahl,besprochene
32489,Interferenz mit der Muttersprache,Der Fehler beeinträchtigt das Verständnis,Personalpronomen,Es
32675,Interferenz mit der Muttersprache,Der Sinn ist unverständlich oder verfälscht,Lexemauswahl,ins EIs eingebrochen waren
33185,Tippfehler,Der Fehler beeinträchtigt das Verständnis,Orthographie,lösen
35211,Interferenz mit der Muttersprache,Der Fehler beeinträchtigt das Verständnis,Auslassungen,Man muss die Batterien nicht wegwerfen
35306,Interferenz mit der Muttersprache,Der Fehler beeinträchtigt das Verständnis nicht,Interpunktion,-
35519,Interferenz mit der Muttersprache,Der Sinn ist unverständlich oder verfälscht,Feste Wendungen,Also
35616,Tippfehler,Der Fehler beeinträchtigt das Verständnis nicht,Orthographie,Beispiel
35671,Interferenz mit der Muttersprache,Der Fehler beeinträchtigt das Verständnis,Geschlecht,jeder Zitat
36102,Interferenz mit Englisch,Der Fehler beeinträchtigt das Verständnis,Lexemauswahl,Lernen
36200,Interferenz mit der Muttersprache,Der Fehler beeinträchtigt das Verständnis nicht,Interpunktion,-
36216,Interferenz mit der Muttersprache,Der Fehler beeinträchtigt das Verständnis nicht,Interpunktion,-
36250,Interferenz mit der Muttersprache,Der Fehler beeinträchtigt das Verständnis nicht,Interpunktion,-
36297,Interferenz mit der Muttersprache,Der Fehler beeinträchtigt das Verständnis nicht,Interpunktion,-
36314,Interferenz mit der Muttersprache,Der Fehler beeinträchtigt das Verständnis nicht,Interpunktion,-
36818,Interferenz mit der Muttersprache,Der Fehler beeinträchtigt das Verständnis,Lexemauswahl,als was
39270,Interferenz mit der Muttersprache,Der Fehler beeinträchtigt das Verständnis nicht,Interpunktion,-
39414,Interferenz mit der Muttersprache,Der Sinn ist unverständlich oder verfälscht,Lexemauswahl,stärkt
39468,Tippfehler,Der Fehler beeinträchtigt das Verständnis,Orthographie,liebte
39963,Interferenz mit der Muttersprache,Der Fehler beeinträchtigt das Verständnis,Adverbien,davon
40255,Interferenz mit der Muttersprache,Der Fehler beeinträchtigt das Verständnis,Trennbare Verben,wechseln
40415,Interferenz mit der Muttersprache,Der Fehler beeinträchtigt das Verständnis,Lexemauswahl,Korrespondenz hielt
40848,Interferenz mit der Muttersprache,Der Fehler beeinträchtigt das Verständnis nicht,Interpunktion,-
40884,Interferenz mit der Muttersprache,Der Fehler beeinträchtigt das Verständnis,Lexemauswahl,stärken
40893,Interferenz mit der Muttersprache,Der Fehler beeinträchtigt das Verständnis,Lexemauswahl,den Tagesablauf
41091,Interferenz mit der Muttersprache,Der Fehler beeinträchtigt das Verständnis,Lexemauswahl,ihren Blick
41094,Interferenz mit der Muttersprache,Der Fehler beeinträchtigt das Verständnis,Wahl der Präposition,zum
41379,Interferenz mit der Muttersprache,Der Sinn ist unverständlich oder verfälscht,Lexemauswahl,Unterricht
41406,Tippfehler,Der Fehler beeinträchtigt das Verständnis,Interpunktion,","
41445,Interferenz mit der Muttersprache,Der Fehler beeinträchtigt das Verständnis,Lexemauswahl,eine sehr bekannte feste Redewendung
41557,Interferenz mit der Muttersprache,Der Fehler beeinträchtigt das Verständnis,Lexemauswahl,gesund
41575,Interferenz mit der Muttersprache,Der Fehler beeinträchtigt das Verständnis,Lexemauswahl,feste Redewendung
41630,Interferenz mit der Muttersprache,Der Fehler beeinträchtigt das Verständnis nicht,Interpunktion,-
41750,Interferenz mit der Muttersprache,Der Sinn ist unverständlich oder verfälscht,Lexemauswahl,Sportvereine
41763,Interferenz mit der Muttersprache,Der Fehler beeinträchtigt das Verständnis nicht,Interpunktion,-
42207,Tippfehler,Der Fehler beeinträchtigt das Verständnis,Orthographie,Sport
42306,Interferenz mit Englisch,Der Fehler beeinträchtigt das Verständnis nicht,Orthographie,ich
42370,Interferenz mit der Muttersprache,Der Fehler beeinträchtigt das Verständnis nicht,Infinitivkonstruktionen mit zu,zu leben
42403,Interferenz mit der Muttersprache,Der Fehler beeinträchtigt das Verständnis nicht,Zusammengesetzte Wörter,Studentenwohnheimleben
42406,Interferenz mit Englisch,Der Fehler beeinträchtigt das Verständnis,Konnektoren,auch
42775,Interferenz mit Englisch,Der Fehler beeinträchtigt das Verständnis,Überflüssige Elemente,-
42971,Interferenz mit Englisch,Der Fehler beeinträchtigt das Verständnis nicht,Orthographie,Sowetskaja
43668,Interferenz mit der Muttersprache,Der Fehler beeinträchtigt das Verständnis,Infinitivkonstruktionen mit zu,zu verbringen
43683,Interferenz mit der Muttersprache,Der Fehler beeinträchtigt das Verständnis,Infinitivkonstruktionen mit zu,zu führen
270236,Tippfehler,Der Sinn ist unverständlich oder verfälscht,Orthographie,Ein
44983,Interferenz mit der Muttersprache,Der Fehler beeinträchtigt das Verständnis,Konjunktionen,Wenn
45110,Interferenz mit Englisch,Der Fehler beeinträchtigt das Verständnis,Vergleichkonstruktionen,als
45711,Interferenz mit der Muttersprache,Der Fehler beeinträchtigt das Verständnis,Infinitivkonstruktionen mit zu,zu trinken
45719,Interferenz mit der Muttersprache,Der Fehler beeinträchtigt das Verständnis,Infinitivkonstruktionen mit zu,zu gehen
46007,Interferenz mit der Muttersprache,Der Fehler beeinträchtigt das Verständnis,Direkte Wortfolge,Der Autor betont auch
46013,Tippfehler,Der Sinn ist unverständlich oder verfälscht,Orthographie,ein
46038,Interferenz mit der Muttersprache,Der Fehler beeinträchtigt das Verständnis nicht,Infinitivkonstruktionen mit zu,zu leben
46069,Interferenz mit der Muttersprache,Der Fehler beeinträchtigt das Verständnis,Auslassungen,es
46502,Interferenz mit der Muttersprache,Der Fehler beeinträchtigt das Verständnis,Pronomen,man
47393,Interferenz mit der Muttersprache,Der Sinn ist unverständlich oder verfälscht,Lexemauswahl,angezogen
269498,Interferenz mit Englisch,Der Fehler beeinträchtigt das Verständnis nicht,Orthographie,Petrosawodsk
48392,Interferenz mit der Muttersprache,Der Fehler beeinträchtigt das Verständnis,Infinitivkonstruktionen mit zu,zu bleiben
49353,Interferenz mit Englisch,Der Sinn ist unverständlich oder verfälscht,Lexemauswahl,Waschbecken
49546,Interferenz mit Englisch,Der Sinn ist unverständlich oder verfälscht,Lexemauswahl,Waschbecken
49894,Interferenz mit der Muttersprache,Der Fehler beeinträchtigt das Verständnis,Geschlecht,Jede Variante
50164,Interferenz mit Englisch,Der Fehler beeinträchtigt das Verständnis,Orthographie,schwimmen 
50166,Interferenz mit Englisch,Der Fehler beeinträchtigt das Verständnis,Orthographie,joggen 
50722,Tippfehler,Der Sinn ist unverständlich oder verfälscht,Lexemauswahl,mieten
50721,Interferenz mit der Muttersprache,Der Fehler beeinträchtigt das Verständnis nicht,Infinitivkonstruktionen mit zu,zu mieten
50727,Tippfehler,Der Fehler beeinträchtigt das Verständnis nicht,Überflüssige Elemente,-
51237,Tippfehler,Der Fehler beeinträchtigt das Verständnis,Orthographie,du
52013,Tippfehler,Der Fehler beeinträchtigt das Verständnis,Orthographie,Frühgymntastik
269550,Tippfehler,Der Fehler beeinträchtigt das Verständnis nicht,Orthographie,Internet
52280,Interferenz mit der Muttersprache,Der Fehler beeinträchtigt das Verständnis,Lexemauswahl,wirken
269596,Tippfehler,Der Fehler beeinträchtigt das Verständnis nicht,Orthographie,Internet
269600,Interferenz mit der Muttersprache,Der Fehler beeinträchtigt das Verständnis nicht,Interpunktion,-
269601,Interferenz mit der Muttersprache,Der Fehler beeinträchtigt das Verständnis nicht,Interpunktion,-
52303,Tippfehler,Der Fehler beeinträchtigt das Verständnis,Orthographie,versteht
52656,Interferenz mit Englisch,Der Fehler beeinträchtigt das Verständnis nicht,Sprachstil,und
52810,Interferenz mit der Muttersprache,Der Fehler beeinträchtigt das Verständnis,Personalpronomen,es
52877,Interferenz mit Englisch,Der Fehler beeinträchtigt das Verständnis nicht,Sprachstil,und
53007,Tippfehler,Der Fehler beeinträchtigt das Verständnis,Orthographie,getrennt
53020,Interferenz mit der Muttersprache,Der Fehler beeinträchtigt das Verständnis nicht,Interpunktion,-
53316,Interferenz mit der Muttersprache,Der Fehler beeinträchtigt das Verständnis,Rektion von Verben,nach
53627,Interferenz mit Englisch,Der Fehler beeinträchtigt das Verständnis,Lexemauswahl,Au­ßer­dem
53628,Interferenz mit der Muttersprache,Der Fehler beeinträchtigt das Verständnis nicht,Interpunktion,-
53630,Interferenz mit Englisch,Der Fehler beeinträchtigt das Verständnis,Orthographie,oft
53660,Interferenz mit Englisch,Der Fehler beeinträchtigt das Verständnis,Lexemauswahl,auch
53678,Interferenz mit Englisch,Der Fehler beeinträchtigt das Verständnis,Lexemauswahl,Letzten Endes
53930,Tippfehler,Der Fehler beeinträchtigt das Verständnis,Orthographie,gibt
54036,Tippfehler,Der Sinn ist unverständlich oder verfälscht,Orthographie,seit
54071,Interferenz mit der Muttersprache,Der Fehler beeinträchtigt das Verständnis,Lexemauswahl,mag
54082,Interferenz mit der Muttersprache,Der Fehler beeinträchtigt das Verständnis nicht,Wahl der Zeitform,komme
54107,Interferenz mit der Muttersprache,Der Fehler beeinträchtigt das Verständnis,Indirekte Wortfolge,bin ich
54715,Interferenz mit Englisch,Der Fehler beeinträchtigt das Verständnis nicht,Sprachstil,und
54774,Interferenz mit der Muttersprache,Der Fehler beeinträchtigt das Verständnis,Personalpronomen,Es
54897,Interferenz mit der Muttersprache,Der Fehler beeinträchtigt das Verständnis,Wahl der Präposition,an
54932,Interferenz mit der Muttersprache,Der Fehler beeinträchtigt das Verständnis,Possessivpronomen,meine
55189,Interferenz mit Englisch,Der Fehler beeinträchtigt das Verständnis nicht,Sprachstil,und
55351,Tippfehler,Der Fehler beeinträchtigt das Verständnis,Orthographie,Geschirr
55352,Interferenz mit Englisch,Der Fehler beeinträchtigt das Verständnis nicht,Sprachstil,und
55908,Interferenz mit Englisch,Der Sinn ist unverständlich oder verfälscht,Orthographie,Vater
56065,Interferenz mit der Muttersprache,Der Fehler beeinträchtigt das Verständnis,Geschlecht,ein Bett
269626,Interferenz mit der Muttersprache,Der Fehler beeinträchtigt das Verständnis,Geschlecht,eine gesunde Lebensweise
269510,Interferenz mit Englisch,Der Fehler beeinträchtigt das Verständnis nicht,Orthographie,ich
57190,Interferenz mit der Muttersprache,Der Fehler beeinträchtigt das Verständnis,Lexemauswahl,ihr nachgehen
57528,Interferenz mit der Muttersprache,Der Fehler beeinträchtigt das Verständnis,Adverbien,daran
58038,Interferenz mit der Muttersprache,Der Fehler beeinträchtigt das Verständnis,Adverbien,danach
58498,Interferenz mit Englisch,Der Fehler beeinträchtigt das Verständnis,Lexemauswahl,öfter
58501,Tippfehler,Der Fehler beeinträchtigt das Verständnis,Deklination,des Kindes
58613,Interferenz mit der Muttersprache,Der Fehler beeinträchtigt das Verständnis,Rektion von Verben,das
59339,Interferenz mit der Muttersprache,Der Fehler beeinträchtigt das Verständnis,Lexemauswahl,Ansätzen
60881,Interferenz mit der Muttersprache,Der Fehler beeinträchtigt das Verständnis,Geschlecht,diese Planungsart
60965,Interferenz mit der Muttersprache,Der Fehler beeinträchtigt das Verständnis nicht,Interpunktion,-
61605,Interferenz mit der Muttersprache,Der Fehler beeinträchtigt das Verständnis,Sprachstil,man
61614,Interferenz mit der Muttersprache,Der Fehler beeinträchtigt das Verständnis,Sprachstil,sich tun kann
61714,Interferenz mit der Muttersprache,Der Fehler beeinträchtigt das Verständnis,Logik,Man kann
61729,Interferenz mit der Muttersprache,Der Sinn ist unverständlich oder verfälscht,Personalpronomen,kann man
62361,Interferenz mit der Muttersprache,Der Fehler beeinträchtigt das Verständnis nicht,Interpunktion,-
63873,Interferenz mit der Muttersprache,Der Sinn ist unverständlich oder verfälscht,Lexemauswahl,Fächer
64381,Interferenz mit der Muttersprache,Der Sinn ist unverständlich oder verfälscht,Lexemauswahl,nur Eins und Zwei haben
65325,Interferenz mit der Muttersprache,Der Fehler beeinträchtigt das Verständnis,Partizip I,Ein Verbrechen begehende Leute
66038,Interferenz mit der Muttersprache,Der Fehler beeinträchtigt das Verständnis nicht,Interpunktion,-
66763,Interferenz mit Englisch,Der Fehler beeinträchtigt das Verständnis nicht,Orthographie,Wagner
68228,Interferenz mit der Muttersprache,Der Fehler beeinträchtigt das Verständnis,Lexemauswahl,hole Worte
68670,Interferenz mit der Muttersprache,Der Sinn ist unverständlich oder verfälscht,Lexemauswahl,sich ihm hingibt
68682,Interferenz mit Englisch,Der Fehler beeinträchtigt das Verständnis,Pronomen,einander
68795,Interferenz mit der Muttersprache,Der Fehler beeinträchtigt das Verständnis,Wortstellung,das alles
69926,Interferenz mit der Muttersprache,Der Fehler beeinträchtigt das Verständnis,Feste Wendungen,schwerfällig
71152,Interferenz mit der Muttersprache,Der Fehler beeinträchtigt das Verständnis,Possessivpronomen,ihm
71547,Interferenz mit der Muttersprache,Der Sinn ist unverständlich oder verfälscht,Lexemauswahl,Eigenschaft
71564,Interferenz mit der Muttersprache,Der Sinn ist unverständlich oder verfälscht,Lexemauswahl,Eigenschaft
71588,Interferenz mit der Muttersprache,Der Fehler beeinträchtigt das Verständnis,Konjunktiv,würde
71597,Interferenz mit der Muttersprache,Der Sinn ist unverständlich oder verfälscht,Lexemauswahl,Besonderheit
71611,Interferenz mit der Muttersprache,Der Sinn ist unverständlich oder verfälscht,Lexemauswahl,Eigenschaft
71883,Interferenz mit der Muttersprache,Der Sinn ist unverständlich oder verfälscht,Lexemauswahl,Eigenschaft
71902,Interferenz mit der Muttersprache,Der Sinn ist unverständlich oder verfälscht,Lexemauswahl,Kontrolle
72003,Interferenz mit der Muttersprache,Der Sinn ist unverständlich oder verfälscht,Lexemauswahl,Eigenschaft
72028,Interferenz mit der Muttersprache,Der Sinn ist unverständlich oder verfälscht,Lexemauswahl,Eigenschaft
72107,Interferenz mit der Muttersprache,Der Sinn ist unverständlich oder verfälscht,Lexemauswahl,Eigenschaften
73906,Interferenz mit der Muttersprache,Der Fehler beeinträchtigt das Verständnis,Lexemauswahl,sonst
74559,Interferenz mit der Muttersprache,Der Fehler beeinträchtigt das Verständnis nicht,Wortfolge,klug und erfahren genug
75692,Interferenz mit der Muttersprache,Der Fehler beeinträchtigt das Verständnis,Geschlecht,Jede Region
76905,Interferenz mit der Muttersprache,Der Fehler beeinträchtigt das Verständnis nicht,Lexemauswahl,komponieren
77397,Interferenz mit der Muttersprache,Der Sinn ist unverständlich oder verfälscht,Lexemauswahl,Gesellschaften
77414,Interferenz mit der Muttersprache,Der Fehler beeinträchtigt das Verständnis,Lexemauswahl,vertreiben
83598,Interferenz mit der Muttersprache,Der Fehler beeinträchtigt das Verständnis,Rektion von Verben,glauben daran
84765,Tippfehler,Der Fehler beeinträchtigt das Verständnis nicht,Orthographie,Mozart
84862,Interferenz mit der Muttersprache,Der Sinn ist unverständlich oder verfälscht,Wahl der Präposition,wegen
84868,Interferenz mit der Muttersprache,Der Fehler beeinträchtigt das Verständnis,Lexemauswahl,des Studiumabschlusses
85965,Tippfehler,Der Fehler beeinträchtigt das Verständnis nicht,Orthographie,tausenden
86774,Interferenz mit der Muttersprache,Der Fehler beeinträchtigt das Verständnis,Überflüssige Elemente,Man kann 
86864,Interferenz mit der Muttersprache,Der Fehler beeinträchtigt das Verständnis,Lexemauswahl,Deshalb
87911,Interferenz mit Englisch,Der Sinn ist unverständlich oder verfälscht,Konjunktionen,Wie
88262,Interferenz mit Englisch,Der Fehler beeinträchtigt das Verständnis,Konjunktionen,wie
88270,Interferenz mit Englisch,Der Fehler beeinträchtigt das Verständnis,Konjunktionen,wie
88279,Interferenz mit der Muttersprache,Der Fehler beeinträchtigt das Verständnis,Lexemauswahl,schießen Salute
88289,Interferenz mit der Muttersprache,Der Fehler beeinträchtigt das Verständnis,Lexemauswahl,zu Besuch
88384,Interferenz mit der Muttersprache,Der Fehler beeinträchtigt das Verständnis nicht,Interpunktion,-
88392,Interferenz mit der Muttersprache,Der Fehler beeinträchtigt das Verständnis nicht,Interpunktion,-
88640,Interferenz mit Englisch,Der Fehler beeinträchtigt das Verständnis,Konjunktionen,wie
88908,Interferenz mit Englisch,Der Sinn ist unverständlich oder verfälscht,Konjunktionen,Wie
89392,Interferenz mit der Muttersprache,Der Fehler beeinträchtigt das Verständnis nicht,Interpunktion,-
89410,Interferenz mit der Muttersprache,Der Fehler beeinträchtigt das Verständnis nicht,Interpunktion,-
89434,Interferenz mit der Muttersprache,Der Fehler beeinträchtigt das Verständnis nicht,Interpunktion,-
89815,Interferenz mit Englisch,Der Sinn ist unverständlich oder verfälscht,Konjunktionen,Wie
91658,Interferenz mit der Muttersprache,Der Fehler beeinträchtigt das Verständnis nicht,Interpunktion,-
91903,Tippfehler,Der Fehler beeinträchtigt das Verständnis,Orthographie,oder
93005,Interferenz mit der Muttersprache,Der Fehler beeinträchtigt das Verständnis nicht,Interpunktion,-
93466,Interferenz mit Englisch,Der Fehler beeinträchtigt das Verständnis nicht,Orthographie,Physik
93471,Interferenz mit der Muttersprache,Der Fehler beeinträchtigt das Verständnis,Orthographie,Interesse
270566,Interferenz mit der Muttersprache,Der Fehler beeinträchtigt das Verständnis nicht,Interpunktion,-
270234,Interferenz mit Englisch,Der Sinn ist unverständlich oder verfälscht,Lexemauswahl,wird
98482,Interferenz mit der Muttersprache,Der Fehler beeinträchtigt das Verständnis,Lexemauswahl,ist
98497,Interferenz mit der Muttersprache,Der Sinn ist unverständlich oder verfälscht,Wahl der Präposition,seit
100786,Interferenz mit der Muttersprache,Der Fehler beeinträchtigt das Verständnis nicht,Interpunktion,-
100814,Interferenz mit der Muttersprache,Der Fehler beeinträchtigt das Verständnis nicht,Interpunktion,","
100893,Interferenz mit der Muttersprache,Der Fehler beeinträchtigt das Verständnis nicht,Interpunktion,","
101957,Interferenz mit der Muttersprache,Der Fehler beeinträchtigt das Verständnis nicht,Interpunktion,-
101980,Interferenz mit der Muttersprache,Der Fehler beeinträchtigt das Verständnis nicht,Interpunktion,-
102284,Interferenz mit der Muttersprache,Der Sinn ist unverständlich oder verfälscht,Lexemauswahl,sicher
102292,Interferenz mit der Muttersprache,Der Fehler beeinträchtigt das Verständnis,Rektion von Verben,an
102299,Interferenz mit der Muttersprache,Der Fehler beeinträchtigt das Verständnis,Adverbien,daran
269623,Interferenz mit der Muttersprache,Der Fehler beeinträchtigt das Verständnis nicht,Interpunktion,-
102372,Interferenz mit Englisch,Der Fehler beeinträchtigt das Verständnis nicht,Orthographie,ich
102396,Interferenz mit der Muttersprache,Der Fehler beeinträchtigt das Verständnis,Auslassungen,zu Fuß
103069,Interferenz mit Englisch,Der Fehler beeinträchtigt das Verständnis,Lexemauswahl,Lernen
103214,Interferenz mit Englisch,Der Sinn ist unverständlich oder verfälscht,Lexemauswahl,Lernen
103297,Interferenz mit der Muttersprache,Der Sinn ist unverständlich oder verfälscht,Lexemauswahl,Hortgruppen
103414,Interferenz mit der Muttersprache,Der Fehler beeinträchtigt das Verständnis nicht,Feste Wendungen,ein entscheidendes Plus
103870,Interferenz mit der Muttersprache,Der Fehler beeinträchtigt das Verständnis,Geschlecht,Ein anderes Reiseziel
104103,Interferenz mit Englisch,Der Sinn ist unverständlich oder verfälscht,Lexemauswahl,Insel
104300,Interferenz mit der Muttersprache,Der Fehler beeinträchtigt das Verständnis,Lexemauswahl,beherbergt
104367,Interferenz mit der Muttersprache,Der Fehler beeinträchtigt das Verständnis,Lexemauswahl,das Land
104381,Interferenz mit Englisch,Der Fehler beeinträchtigt das Verständnis,Orthographie,Kischi
104385,Interferenz mit Englisch,Der Fehler beeinträchtigt das Verständnis,Orthographie,Kischi
104667,Interferenz mit der Muttersprache,Der Fehler beeinträchtigt das Verständnis nicht,Lexemauswahl,Dramatheater
104676,Interferenz mit der Muttersprache,Der Fehler beeinträchtigt das Verständnis,Feste Wendungen,hatte ich Halsschmerzen
104701,Interferenz mit Englisch,Der Fehler beeinträchtigt das Verständnis,Deklination,Kareliens
104722,Interferenz mit der Muttersprache,Der Fehler beeinträchtigt das Verständnis nicht,Feste Wendungen,war zu Lebzeiten eine Legende
105091,Tippfehler,Der Fehler beeinträchtigt das Verständnis,Orthographie,ungestört
105094,Interferenz mit Englisch,Der Fehler beeinträchtigt das Verständnis nicht,Lexemauswahl,Also
105159,Tippfehler,Der Fehler beeinträchtigt das Verständnis nicht,Orthographie,Dokumente
105269,Tippfehler,Der Fehler beeinträchtigt das Verständnis,Orthographie,Bartresen
105276,Interferenz mit der Muttersprache,Der Fehler beeinträchtigt das Verständnis,Lexemauswahl,Stereoanlage
105287,Tippfehler,Der Fehler beeinträchtigt das Verständnis,Orthographie,es eine
106390,Interferenz mit der Muttersprache,Der Fehler beeinträchtigt das Verständnis nicht,Interpunktion,-
106443,Interferenz mit der Muttersprache,Der Fehler beeinträchtigt das Verständnis nicht,Interpunktion,-
106614,Interferenz mit der Muttersprache,Der Fehler beeinträchtigt das Verständnis nicht,Interpunktion,-
106887,Interferenz mit der Muttersprache,Der Sinn ist unverständlich oder verfälscht,Feste Wendungen,stehlen Hausaufgaben einem die Erholungszeit
106888,Tippfehler,Der Fehler beeinträchtigt das Verständnis nicht,Überflüssige Elemente,-
106889,Interferenz mit der Muttersprache,Der Fehler beeinträchtigt das Verständnis,Auslassungen,besser
106891,Tippfehler,Der Fehler beeinträchtigt das Verständnis nicht,Überflüssige Elemente,-
106896,Tippfehler,Der Fehler beeinträchtigt das Verständnis,Orthographie,erfrischte
106900,Interferenz mit der Muttersprache,Der Fehler beeinträchtigt das Verständnis,Auslassungen,von
106901,Interferenz mit der Muttersprache,Der Fehler beeinträchtigt das Verständnis,Lexemauswahl,ziehen
106905,Interferenz mit der Muttersprache,Der Fehler beeinträchtigt das Verständnis,Lexemauswahl,ziehen
106908,Tippfehler,Der Fehler beeinträchtigt das Verständnis nicht,Orthographie,kontrollieren
107258,Interferenz mit der Muttersprache,Der Fehler beeinträchtigt das Verständnis,Feste Wendungen,an der Universität zu studieren
108273,Interferenz mit der Muttersprache,Der Fehler beeinträchtigt das Verständnis nicht,Interpunktion,-
108356,Interferenz mit der Muttersprache,Der Fehler beeinträchtigt das Verständnis nicht,Lexemauswahl,das hat einen Grund
109117,Interferenz mit der Muttersprache,Der Fehler beeinträchtigt das Verständnis nicht,Interpunktion,-
109142,Interferenz mit der Muttersprache,Der Fehler beeinträchtigt das Verständnis,Lexemauswahl,"Was mich angeht,"
109174,Interferenz mit der Muttersprache,Der Fehler beeinträchtigt das Verständnis,Trennbare Verben,kaufe
109189,Interferenz mit der Muttersprache,Der Fehler beeinträchtigt das Verständnis nicht,Feste Wendungen,nass bis auf die Haut
109199,Interferenz mit der Muttersprache,Der Fehler beeinträchtigt das Verständnis,Lexemauswahl,erlebte Vieles
111024,Interferenz mit der Muttersprache,Der Sinn ist unverständlich oder verfälscht,Lexemauswahl,in der Piroge
111702,Interferenz mit Englisch,Der Fehler beeinträchtigt das Verständnis,Deklination,das Auto meiner Frau
111703,Interferenz mit Englisch,Der Fehler beeinträchtigt das Verständnis,Wortstellung,das Auto meiner Frau
111772,Interferenz mit der Muttersprache,Der Sinn ist unverständlich oder verfälscht,Lexemauswahl,"schrieb der Wissenschaftler die dreiteilige Monographie ""Zentralasien"" "
111833,Interferenz mit der Muttersprache,Der Fehler beeinträchtigt das Verständnis,Rektion von Verben,die Schüler
112261,Interferenz mit Englisch,Der Fehler beeinträchtigt das Verständnis,Lexemauswahl,Außerdem
112568,Interferenz mit der Muttersprache,Der Fehler beeinträchtigt das Verständnis nicht,Orthographie,neue
112620,Interferenz mit der Muttersprache,Der Fehler beeinträchtigt das Verständnis nicht,Orthographie,neue
112687,Interferenz mit der Muttersprache,Der Fehler beeinträchtigt das Verständnis nicht,Lexemauswahl,Jahreszeit
113039,Interferenz mit der Muttersprache,Der Fehler beeinträchtigt das Verständnis,Lexemauswahl,treibt
113234,Interferenz mit der Muttersprache,Der Sinn ist unverständlich oder verfälscht,Lexemauswahl,Vorlesungen
114152,Interferenz mit der Muttersprache,Der Fehler beeinträchtigt das Verständnis,Diskurs,macht man
114158,Interferenz mit der Muttersprache,Der Fehler beeinträchtigt das Verständnis,Diskurs,verbessert
114236,Interferenz mit der Muttersprache,Der Fehler beeinträchtigt das Verständnis,Indirekte Wortfolge,möchte ich
114246,Interferenz mit der Muttersprache,Der Fehler beeinträchtigt das Verständnis,Lexemauswahl,begann Alexander von Humboldt mit der Arbeit
114315,Tippfehler,Der Sinn ist unverständlich oder verfälscht,Orthographie,da
114316,Tippfehler,Der Sinn ist unverständlich oder verfälscht,Orthographie,Eigenschaften in
270574,Tippfehler,Der Fehler beeinträchtigt das Verständnis nicht,Orthographie,Problem nicht
270575,Interferenz mit Englisch,Der Fehler beeinträchtigt das Verständnis nicht,Orthographie,ich
270576,Interferenz mit der Muttersprache,Der Fehler beeinträchtigt das Verständnis nicht,Orthographie,ich
270579,Interferenz mit Englisch,Der Fehler beeinträchtigt das Verständnis nicht,Orthographie,ich
126456,Tippfehler,Der Sinn ist unverständlich oder verfälscht,Orthographie,ernstem
126484,Interferenz mit der Muttersprache,Der Sinn ist unverständlich oder verfälscht,Lexemauswahl,teilten
131559,Tippfehler,Der Fehler beeinträchtigt das Verständnis,Lexemauswahl,Mann
131586,Tippfehler,Der Fehler beeinträchtigt das Verständnis,Lexemauswahl,als
131677,Tippfehler,Der Fehler beeinträchtigt das Verständnis,Reflexivpronomen,sich
131741,Tippfehler,Der Fehler beeinträchtigt das Verständnis nicht,Lexemauswahl,gesagt
131877,Tippfehler,Der Fehler beeinträchtigt das Verständnis nicht,Infinitivkonstruktionen mit zu,zu gehen
132070,Tippfehler,Der Fehler beeinträchtigt das Verständnis,Deklination von Adjektiven,verstecktes
132863,Interferenz mit Englisch,Der Fehler beeinträchtigt das Verständnis,Wortbildung,Prinzessin
132882,Interferenz mit Englisch,Der Fehler beeinträchtigt das Verständnis,Wortbildung,Prinzessin
132926,Interferenz mit Englisch,Der Fehler beeinträchtigt das Verständnis,Wortbildung,Prinzessin
132959,Interferenz mit Englisch,Der Fehler beeinträchtigt das Verständnis,Wortbildung,Prinzessin
133354,Interferenz mit der Muttersprache,Der Sinn ist unverständlich oder verfälscht,Wahl der Präposition,mit
269432,Interferenz mit der Muttersprache,Der Fehler beeinträchtigt das Verständnis,Lexemauswahl,erfuhr
139908,Interferenz mit der Muttersprache,Der Fehler beeinträchtigt das Verständnis,Lexemauswahl,Er ist der Erzähler des Romans
143621,Tippfehler,Der Fehler beeinträchtigt das Verständnis nicht,Orthographie,Vitamin
143623,Tippfehler,Der Fehler beeinträchtigt das Verständnis nicht,Orthographie,Dessert
143624,Tippfehler,Der Sinn ist unverständlich oder verfälscht,Lexemauswahl,mir
269363,Tippfehler,Der Fehler beeinträchtigt das Verständnis nicht,Überflüssige Elemente,-
269370,Interferenz mit der Muttersprache,Der Fehler beeinträchtigt das Verständnis nicht,Interpunktion,-
153765,Tippfehler,Der Fehler beeinträchtigt das Verständnis nicht,Orthographie,sondern
153816,Interferenz mit der Muttersprache,Der Fehler beeinträchtigt das Verständnis nicht,Interpunktion,-
156977,Tippfehler,Der Fehler beeinträchtigt das Verständnis nicht,Orthographie,ähnliche
156982,Tippfehler,Der Sinn ist unverständlich oder verfälscht,Orthographie,out
156986,Tippfehler,Der Fehler beeinträchtigt das Verständnis nicht,Orthographie,Fernseher
156995,Interferenz mit Englisch,Der Fehler beeinträchtigt das Verständnis nicht,Vergleichkonstruktionen,wie
156997,Tippfehler,Der Fehler beeinträchtigt das Verständnis,Orthographie,finde
156999,Tippfehler,Der Fehler beeinträchtigt das Verständnis,Orthographie,ähnlichen
157460,Interferenz mit der Muttersprache,Der Fehler beeinträchtigt das Verständnis nicht,Interpunktion,-
169165,Tippfehler,Der Sinn ist unverständlich oder verfälscht,Orthographie,Internet
169170,Interferenz mit der Muttersprache,Der Sinn ist unverständlich oder verfälscht,Personalpronomen,es
169172,Tippfehler,Der Fehler beeinträchtigt das Verständnis,Orthographie,sind
169173,Tippfehler,Der Sinn ist unverständlich oder verfälscht,Orthographie,noch
169204,Interferenz mit Englisch,Der Fehler beeinträchtigt das Verständnis nicht,Orthographie,Nikolaus
169214,Interferenz mit Englisch,Der Fehler beeinträchtigt das Verständnis nicht,Orthographie,Dezember
169216,Interferenz mit Englisch,Der Fehler beeinträchtigt das Verständnis nicht,Orthographie,Nikolaus
169229,Interferenz mit der Muttersprache,Der Sinn ist unverständlich oder verfälscht,Passiv,werden ... geschmückt
169236,Interferenz mit der Muttersprache,Der Fehler beeinträchtigt das Verständnis,Numerus,Christbaumschmuck
169249,Interferenz mit Englisch,Der Fehler beeinträchtigt das Verständnis nicht,Orthographie,Dezember
169269,Interferenz mit Englisch,Der Fehler beeinträchtigt das Verständnis nicht,Orthographie,Dezember
169270,Interferenz mit Englisch,Der Fehler beeinträchtigt das Verständnis nicht,Orthographie,Nikolaus
169281,Interferenz mit Englisch,Der Fehler beeinträchtigt das Verständnis nicht,Orthographie,Nikolaus
169330,Interferenz mit der Muttersprache,Der Fehler beeinträchtigt das Verständnis,Lexemauswahl,in einer Schlange stand
169344,Interferenz mit der Muttersprache,Der Fehler beeinträchtigt das Verständnis,Auslassungen,einem
169369,Interferenz mit der Muttersprache,Der Fehler beeinträchtigt das Verständnis,Orthographie,Karriereleiter
169398,Tippfehler,Der Fehler beeinträchtigt das Verständnis nicht,Orthographie,diskutiert
169425,Interferenz mit Englisch,Der Fehler beeinträchtigt das Verständnis nicht,Orthographie,Dezember
169431,Interferenz mit Englisch,Der Fehler beeinträchtigt das Verständnis nicht,Orthographie,Dezember
169742,Tippfehler,Der Fehler beeinträchtigt das Verständnis,Präpositionen,in
169749,Tippfehler,Der Fehler beeinträchtigt das Verständnis nicht,Orthographie,ist
170009,Interferenz mit der Muttersprache,Der Fehler beeinträchtigt das Verständnis nicht,Interpunktion,-
172700,Interferenz mit Englisch,Der Fehler beeinträchtigt das Verständnis,Orthographie,Jahre 
175457,Interferenz mit Englisch,Der Fehler beeinträchtigt das Verständnis,Lexemauswahl,neu
175575,Interferenz mit Englisch,Der Fehler beeinträchtigt das Verständnis nicht,Sprachstil,und
175846,Interferenz mit Englisch,Der Sinn ist unverständlich oder verfälscht,Lexemauswahl,Regal 
175892,Interferenz mit der Muttersprache,Der Fehler beeinträchtigt das Verständnis nicht,Sprachstil,und
177483,Tippfehler,Der Fehler beeinträchtigt das Verständnis,Orthographie,und
177724,Tippfehler,Der Fehler beeinträchtigt das Verständnis,Orthographie,Arbeitstisch
179174,Interferenz mit Englisch,Der Fehler beeinträchtigt das Verständnis,Orthographie,Klavier 
179589,Tippfehler,Der Fehler beeinträchtigt das Verständnis nicht,Orthographie,man
180176,Interferenz mit der Muttersprache,Der Fehler beeinträchtigt das Verständnis,Orthographie,Familie
180291,Interferenz mit der Muttersprache,Der Fehler beeinträchtigt das Verständnis nicht,Interpunktion,-
180298,Interferenz mit Englisch,Der Fehler beeinträchtigt das Verständnis nicht,Orthographie,ich
180307,Interferenz mit der Muttersprache,Der Fehler beeinträchtigt das Verständnis nicht,Interpunktion,-
180320,Interferenz mit der Muttersprache,Der Fehler beeinträchtigt das Verständnis nicht,Interpunktion,-
180335,Interferenz mit der Muttersprache,Der Fehler beeinträchtigt das Verständnis,Interpunktion,-
181638,Interferenz mit Englisch,Der Fehler beeinträchtigt das Verständnis nicht,Orthographie,Finnland
182207,Interferenz mit der Muttersprache,Der Fehler beeinträchtigt das Verständnis nicht,Infinitivkonstruktionen mit zu,zu trinken
182465,Interferenz mit der Muttersprache,Der Fehler beeinträchtigt das Verständnis nicht,Interpunktion,-
182569,Tippfehler,Der Fehler beeinträchtigt das Verständnis,Orthographie,sagen
182803,Interferenz mit der Muttersprache,Der Fehler beeinträchtigt das Verständnis nicht,Interpunktion,-
182940,Interferenz mit der Muttersprache,Der Fehler beeinträchtigt das Verständnis nicht,Infinitivkonstruktionen mit zu,zu lesen
183043,Interferenz mit Englisch,Der Fehler beeinträchtigt das Verständnis nicht,Orthographie,ich
183074,Interferenz mit der Muttersprache,Der Fehler beeinträchtigt das Verständnis,Infinitivkonstruktionen mit zu,zu verbringen
183179,Interferenz mit der Muttersprache,Der Fehler beeinträchtigt das Verständnis,Lexemauswahl,mag
183265,Interferenz mit der Muttersprache,Der Fehler beeinträchtigt das Verständnis,Lexemauswahl,mögen
183572,Interferenz mit Englisch,Der Fehler beeinträchtigt das Verständnis,Orthographie,und
183578,Interferenz mit Englisch,Der Fehler beeinträchtigt das Verständnis,Orthographie,ist
183700,Interferenz mit der Muttersprache,Der Fehler beeinträchtigt das Verständnis,Lexemauswahl,mag
184168,Interferenz mit Englisch,Der Fehler beeinträchtigt das Verständnis,Orthographie,Petrosawodsk
184266,Interferenz mit Englisch,Der Fehler beeinträchtigt das Verständnis nicht,Orthographie,ich
184296,Tippfehler,Der Fehler beeinträchtigt das Verständnis nicht,Überflüssige Elemente,-
185117,Interferenz mit Englisch,Der Fehler beeinträchtigt das Verständnis,Orthographie,Universität 
185322,Interferenz mit Englisch,Der Fehler beeinträchtigt das Verständnis,Lexemauswahl,oft
185349,Tippfehler,Der Fehler beeinträchtigt das Verständnis nicht,Überflüssige Elemente,-
269633,Interferenz mit der Muttersprache,Der Fehler beeinträchtigt das Verständnis nicht,Interpunktion,-
185568,Interferenz mit der Muttersprache,Der Fehler beeinträchtigt das Verständnis,Infinitivkonstruktionen mit zu,zu treiben
185809,Interferenz mit Englisch,Der Fehler beeinträchtigt das Verständnis,Orthographie,Garten
186467,Interferenz mit der Muttersprache,Der Fehler beeinträchtigt das Verständnis nicht,Interpunktion,-
186880,Interferenz mit Englisch,Der Fehler beeinträchtigt das Verständnis,Orthographie,unter
186938,Tippfehler,Der Fehler beeinträchtigt das Verständnis,Infinitivkonstruktionen mit zu,teilzunehmen
186942,Tippfehler,Der Fehler beeinträchtigt das Verständnis nicht,Infinitivkonstruktionen mit zu,zu bekommen
186968,Interferenz mit Englisch,Der Fehler beeinträchtigt das Verständnis nicht,Orthographie,ich
186971,Interferenz mit Englisch,Der Fehler beeinträchtigt das Verständnis nicht,Orthographie,ich
187001,Interferenz mit der Muttersprache,Der Fehler beeinträchtigt das Verständnis,Feste Wendungen,einen staatlich geförderten Studienplatz
187010,Interferenz mit der Muttersprache,Der Fehler beeinträchtigt das Verständnis,Feste Wendungen,gegen Gebühr
187165,Interferenz mit der Muttersprache,Der Fehler beeinträchtigt das Verständnis nicht,Interpunktion,-
187229,Interferenz mit der Muttersprache,Der Fehler beeinträchtigt das Verständnis,Personalpronomen,es
189599,Interferenz mit Englisch,Der Fehler beeinträchtigt das Verständnis nicht,Orthographie,ich
189921,Tippfehler,Der Sinn ist unverständlich oder verfälscht,Orthographie,leben
190085,Interferenz mit der Muttersprache,Der Fehler beeinträchtigt das Verständnis,Lexemauswahl,Kirschbäume
190121,Interferenz mit der Muttersprache,Der Fehler beeinträchtigt das Verständnis nicht,Orthographie,Sport
190180,Tippfehler,Der Fehler beeinträchtigt das Verständnis,Orthographie,werden
190214,Tippfehler,Der Fehler beeinträchtigt das Verständnis,Orthographie,Junge
190223,Interferenz mit der Muttersprache,Der Fehler beeinträchtigt das Verständnis nicht,Orthographie,Training
190247,Tippfehler,Der Fehler beeinträchtigt das Verständnis nicht,Interpunktion,führen. Viele
190357,Interferenz mit der Muttersprache,Der Fehler beeinträchtigt das Verständnis,Deklination von Adjektiven,geräumig
190773,Interferenz mit der Muttersprache,Der Sinn ist unverständlich oder verfälscht,Lexemauswahl,gesund
190809,Interferenz mit Englisch,Der Fehler beeinträchtigt das Verständnis nicht,Orthographie,ich
190955,Interferenz mit der Muttersprache,Der Fehler beeinträchtigt das Verständnis nicht,Orthographie,Trend
191079,Interferenz mit der Muttersprache,Der Fehler beeinträchtigt das Verständnis,Vergleichkonstruktionen,", wie"
191195,Interferenz mit Englisch,Der Fehler beeinträchtigt das Verständnis nicht,Orthographie,Supermarkt
192312,Interferenz mit der Muttersprache,Der Fehler beeinträchtigt das Verständnis nicht,Interpunktion,-
192316,Interferenz mit der Muttersprache,Der Fehler beeinträchtigt das Verständnis nicht,Interpunktion,","
192338,Interferenz mit der Muttersprache,Der Sinn ist unverständlich oder verfälscht,Feste Wendungen,ohne geht es nicht
192615,Interferenz mit der Muttersprache,Der Fehler beeinträchtigt das Verständnis nicht,Interpunktion,-
192811,Interferenz mit Englisch,Der Fehler beeinträchtigt das Verständnis,Lexemauswahl,Also
193050,Interferenz mit der Muttersprache,Der Fehler beeinträchtigt das Verständnis,Deklination von Adjektiven,verschieden
193143,Interferenz mit der Muttersprache,Der Fehler beeinträchtigt das Verständnis,Konnektoren,Außerdem
193257,Interferenz mit der Muttersprache,Der Fehler beeinträchtigt das Verständnis nicht,Interpunktion,-
194190,Interferenz mit der Muttersprache,Der Fehler beeinträchtigt das Verständnis,Lexemauswahl,hatte ich
194654,Tippfehler,Der Fehler beeinträchtigt das Verständnis nicht,Orthographie,Herz-Kreislaufsystem
194754,Interferenz mit der Muttersprache,Der Fehler beeinträchtigt das Verständnis nicht,Orthographie,Viertel
194884,Interferenz mit Englisch,Der Fehler beeinträchtigt das Verständnis nicht,Orthographie,Tschaikina
195333,Interferenz mit der Muttersprache,Der Fehler beeinträchtigt das Verständnis,Numerus,Grad
196100,Interferenz mit der Muttersprache,Der Fehler beeinträchtigt das Verständnis nicht,Orthographie,Alexander Beljajew
196164,Interferenz mit Englisch,Der Fehler beeinträchtigt das Verständnis nicht,Orthographie,Hobbys
196282,Interferenz mit der Muttersprache,Der Fehler beeinträchtigt das Verständnis,Adverbien,darüber
196531,Tippfehler,Der Sinn ist unverständlich oder verfälscht,Orthographie,man
198998,Interferenz mit Englisch,Der Fehler beeinträchtigt das Verständnis,Lexemauswahl,sollte
199638,Interferenz mit der Muttersprache,Der Fehler beeinträchtigt das Verständnis,Deklination,einer Kommode
200684,Interferenz mit der Muttersprache,Der Fehler beeinträchtigt das Verständnis,Wahl der Präposition,am
200954,Interferenz mit der Muttersprache,Der Fehler beeinträchtigt das Verständnis nicht,Interpunktion,-
201476,Interferenz mit Englisch,Der Fehler beeinträchtigt das Verständnis,Deklination,das Image der Person
201956,Interferenz mit der Muttersprache,Der Fehler beeinträchtigt das Verständnis,Lexemauswahl,waren nicht verschwunden
204602,Tippfehler,Der Sinn ist unverständlich oder verfälscht,Orthographie,Wir
205508,Interferenz mit der Muttersprache,Der Fehler beeinträchtigt das Verständnis,Numerus,Schneeball
206093,Interferenz mit der Muttersprache,Der Fehler beeinträchtigt das Verständnis,Lexemauswahl,am denselben Tagen frei
207058,Interferenz mit Englisch,Der Fehler beeinträchtigt das Verständnis nicht,Zusammengesetzte Wörter,Fitnesszentrum
207139,Interferenz mit Englisch,Der Fehler beeinträchtigt das Verständnis nicht,Zusammengesetzte Wörter,Fitnesszentrum
208014,Tippfehler,Der Fehler beeinträchtigt das Verständnis nicht,Orthographie,aber
208059,Tippfehler,Der Fehler beeinträchtigt das Verständnis nicht,Orthographie,oft
208125,Interferenz mit Englisch,Der Fehler beeinträchtigt das Verständnis,Orthographie,war
208721,Interferenz mit Englisch,Der Fehler beeinträchtigt das Verständnis nicht,Orthographie,Olja
208725,Interferenz mit der Muttersprache,Der Sinn ist unverständlich oder verfälscht,Lexemauswahl,erst
209079,Tippfehler,Der Fehler beeinträchtigt das Verständnis,Orthographie,die
269825,Tippfehler,Der Fehler beeinträchtigt das Verständnis nicht,Orthographie,Mutter
209663,Interferenz mit Englisch,Der Fehler beeinträchtigt das Verständnis,Numerus,Computer
209771,Interferenz mit Englisch,Der Fehler beeinträchtigt das Verständnis nicht,Orthographie,vor
210226,Interferenz mit der Muttersprache,Der Fehler beeinträchtigt das Verständnis,Lexemauswahl,Ungewöhnlich in unserer Wohnung ist ein karelischer Kühlschrank
210466,Tippfehler,Der Fehler beeinträchtigt das Verständnis,Orthographie,mag es
210606,Tippfehler,Der Fehler beeinträchtigt das Verständnis,Orthographie,Probleme mit
210675,Interferenz mit der Muttersprache,Der Fehler beeinträchtigt das Verständnis,Lexemauswahl,ihr ganzes Können
210748,Interferenz mit Englisch,Der Fehler beeinträchtigt das Verständnis nicht,Orthographie,Musik
210792,Interferenz mit Englisch,Der Fehler beeinträchtigt das Verständnis nicht,Orthographie,besuchen
210799,Tippfehler,Der Fehler beeinträchtigt das Verständnis nicht,Orthographie,Samstag
211128,Interferenz mit Englisch,Der Fehler beeinträchtigt das Verständnis nicht,Orthographie,Fitnesszentren
211139,Interferenz mit Englisch,Der Fehler beeinträchtigt das Verständnis nicht,Orthographie,Fitnesszentrum
211182,Interferenz mit Englisch,Der Fehler beeinträchtigt das Verständnis nicht,Orthographie,Fitnesszentrum
211405,Interferenz mit der Muttersprache,Der Fehler beeinträchtigt das Verständnis,Numerus,Christbaumschmuck
211534,Interferenz mit der Muttersprache,Der Fehler beeinträchtigt das Verständnis nicht,Interpunktion,-
211579,Interferenz mit der Muttersprache,Der Fehler beeinträchtigt das Verständnis,Konnektoren,Wenn
211637,Tippfehler,Der Fehler beeinträchtigt das Verständnis,Orthographie,unbeliebteste
211877,Interferenz mit der Muttersprache,Der Fehler beeinträchtigt das Verständnis,Lexemauswahl,surfen
211936,Interferenz mit Englisch,Der Fehler beeinträchtigt das Verständnis nicht,Orthographie,Petrosawodsk
213559,Tippfehler,Der Fehler beeinträchtigt das Verständnis nicht,Orthographie,Musik
213854,Tippfehler,Der Fehler beeinträchtigt das Verständnis nicht,Orthographie,ist
213899,Interferenz mit Englisch,Der Fehler beeinträchtigt das Verständnis nicht,Orthographie,Fleischwaren
214882,Tippfehler,Der Fehler beeinträchtigt das Verständnis nicht,Orthographie,ich
214889,Interferenz mit der Muttersprache,Der Fehler beeinträchtigt das Verständnis nicht,Orthographie,neue
214920,Tippfehler,Der Fehler beeinträchtigt das Verständnis,Orthographie,sind ich
214983,Tippfehler,Der Fehler beeinträchtigt das Verständnis nicht,Orthographie,Jahreszeit
215039,Tippfehler,Der Fehler beeinträchtigt das Verständnis,Orthographie,gut
215502,Interferenz mit der Muttersprache,Der Fehler beeinträchtigt das Verständnis,Personalpronomen,Es
215577,Interferenz mit Englisch,Der Fehler beeinträchtigt das Verständnis nicht,Orthographie,und
216190,Interferenz mit Englisch,Der Fehler beeinträchtigt das Verständnis nicht,Orthographie,Deutschunterricht
216208,Interferenz mit der Muttersprache,Der Fehler beeinträchtigt das Verständnis,Lexemauswahl,ziemlich
216381,Tippfehler,Der Fehler beeinträchtigt das Verständnis nicht,Orthographie,nehme
216465,Tippfehler,Der Fehler beeinträchtigt das Verständnis nicht,Orthographie,und
216516,Tippfehler,Der Fehler beeinträchtigt das Verständnis nicht,Orthographie,Auf
218603,Interferenz mit der Muttersprache,Der Fehler beeinträchtigt das Verständnis nicht,Sprachstil,wünschen dem Geburtstagskind
223360,Interferenz mit der Muttersprache,Der Fehler beeinträchtigt das Verständnis,Rektion von Substantiven,Menge interessante Leute
223484,Tippfehler,Der Fehler beeinträchtigt das Verständnis,Orthographie,bin
223492,Interferenz mit der Muttersprache,Der Fehler beeinträchtigt das Verständnis,Wahl der Präposition,nach
223587,Interferenz mit Englisch,Der Fehler beeinträchtigt das Verständnis,Lexemauswahl,eine Stunde lang
223595,Interferenz mit Englisch,Der Fehler beeinträchtigt das Verständnis,Lexemauswahl,erfahren
269812,Interferenz mit der Muttersprache,Der Fehler beeinträchtigt das Verständnis,Lexemauswahl,Sie
269813,Interferenz mit der Muttersprache,Der Fehler beeinträchtigt das Verständnis,Lexemauswahl,Sie
259499,faute_de_frappe,n’influence_pas_le_sens,Orthographie,à
259733,faute_de_frappe,n’influence_pas_le_sens,Orthographie,d'organiser
259734,interférence_d'une_autre_langue,n’influence_pas_le_sens,Orthographie,organiser
259740,faute_de_frappe,n’influence_pas_le_sens,Orthographie,hôtels
259746,faute_de_frappe,n’influence_pas_le_sens,Orthographie,explorer
259748,faute_de_frappe,n’influence_pas_le_sens,Orthographie,général
259820,faute_de_frappe,n’influence_pas_le_sens,Orthographie,à
260394,faute_de_frappe,n’influence_pas_le_sens,Orthographie,c'est
260408,faute_de_frappe,n’influence_pas_le_sens,Orthographie,beaucoup
260410,faute_de_frappe,influence_le_sens_sans_le_déformer,Orthographie,moins
261137,faute_de_frappe,n’influence_pas_le_sens,Orthographie,d'options
261177,violation_des_règles,n’influence_pas_le_sens,Orthographie,préfèrent
261194,faute_de_frappe,n’influence_pas_le_sens,Orthographie,rapidement
261209,faute_de_frappe,n’influence_pas_le_sens,Orthographie,voyant
261213,faute_de_frappe,influence_le_sens_sans_le_déformer,Orthographie,crainte
261216,faute_de_frappe,n’influence_pas_le_sens,Orthographie,ou
261217,faute_de_frappe,n’influence_pas_le_sens,Orthographie,partageons
261219,faute_de_frappe,n’influence_pas_le_sens,Orthographie,crainte
261248,faute_de_frappe,n’influence_pas_le_sens,Orthographie,maîtresse
261249,faute_de_frappe,influence_le_sens_sans_le_déformer,Orthographie,demandé
261250,faute_de_frappe,n’influence_pas_le_sens,Orthographie,présentation
261251,faute_de_frappe,n’influence_pas_le_sens,Orthographie,garçon
261252,faute_de_frappe,n’influence_pas_le_sens,Orthographie,trouvé
261257,faute_de_frappe,n’influence_pas_le_sens,Orthographie,matière
261258,faute_de_frappe,influence_le_sens_sans_le_déformer,Orthographie,moderne
261264,faute_de_frappe,n’influence_pas_le_sens,Orthographie,ou
261265,faute_de_frappe,n’influence_pas_le_sens,Orthographie,préfère
262009,faute_de_frappe,n’influence_pas_le_sens,Orthographie,on
262010,faute_de_frappe,n’influence_pas_le_sens,Orthographie,on
262011,faute_de_frappe,influence_le_sens_sans_le_déformer,Orthographie,nos
262140,violation_des_règles,n’influence_pas_le_sens,Orthographie,Français
262252,violation_des_règles,n’influence_pas_le_sens,Orthographie,Français
262309,interférence_d'une_autre_langue,influence_le_sens_sans_le_déformer,Orthographie,l'auteur
262310,violation_des_règles,influence_le_sens_sans_le_déformer,Orthographie,qu'à
262311,interférence_d'une_autre_langue,n’influence_pas_le_sens,Orthographie,l'auteur
262312,faute_de_frappe,n’influence_pas_le_sens,Orthographie,soulève
262326,interférence_d'une_autre_langue,n’influence_pas_le_sens,Orthographie,aventuriers
262331,faute_de_frappe,influence_le_sens_sans_le_déformer,Orthographie,voyageurs
262333,faute_de_frappe,n’influence_pas_le_sens,Orthographie,différent
262342,violation_des_règles,influence_le_sens_sans_le_déformer,Orthographie,qu'on
262348,violation_des_règles,n’influence_pas_le_sens,Orthographie,différentes
262350,faute_de_frappe,influence_le_sens_sans_le_déformer,Orthographie,voyages
262359,faute_de_frappe,n’influence_pas_le_sens,Orthographie,considère
262360,faute_de_frappe,n’influence_pas_le_sens,Orthographie,complètement
262366,faute_de_frappe,n’influence_pas_le_sens,Orthographie,quelqu'un
262369,interférence_d'une_autre_langue,n’influence_pas_le_sens,Orthographie,l'avantage
262376,faute_de_frappe,n’influence_pas_le_sens,Orthographie,promenions
262379,faute_de_frappe,n’influence_pas_le_sens,Orthographie,aîné
262386,faute_de_frappe,n’influence_pas_le_sens,Orthographie,n'ai
262510,faute_de_frappe,n’influence_pas_le_sens,Orthographie,les
262795,faute_de_frappe,n’influence_pas_le_sens,Orthographie,l'attraction
263213,interférence_d'une_autre_langue,n’influence_pas_le_sens,Orthographie,exemple
264068,faute_de_frappe,n’influence_pas_le_sens,Orthographie,seulement
264500,faute_de_frappe,influence_le_sens_sans_le_déformer,Orthographie,praticité
264510,violation_des_règles,influence_le_sens_sans_le_déformer,Orthographie,qu'ils
265222,faute_de_frappe,n’influence_pas_le_sens,Orthographie,d'explorer
265223,faute_de_frappe,n’influence_pas_le_sens,Orthographie,religions
265225,faute_de_frappe,influence_le_sens_sans_le_déformer,Orthographie,qu'il
265351,faute_de_frappe,influence_fortement_le_sens,Orthographie,visiter
265359,faute_de_frappe,influence_le_sens_sans_le_déformer,Orthographie,cartes
265409,faute_de_frappe,n’influence_pas_le_sens,Orthographie,pendant
265413,faute_de_frappe,influence_le_sens_sans_le_déformer,Orthographie,visites
265435,faute_de_frappe,n’influence_pas_le_sens,Orthographie,pendant
265479,faute_de_frappe,n’influence_pas_le_sens,Orthographie,oeuvres
265485,violation_des_règles,influence_le_sens_sans_le_déformer,Orthographie,qu'il
270520,Interferenz mit der Muttersprache,Der Fehler beeinträchtigt das Verständnis,Geschlecht,den Artikel
270479,Tippfehler,Der Fehler beeinträchtigt das Verständnis,Orthographie,Das
269739,Interferenz mit der Muttersprache,Der Fehler beeinträchtigt das Verständnis nicht,Interpunktion,-
269747,Interferenz mit der Muttersprache,Der Fehler beeinträchtigt das Verständnis nicht,Interpunktion,-
269778,Interferenz mit Englisch,Der Fehler beeinträchtigt das Verständnis,Konjunktionen,wie
269680,Interferenz mit Englisch,Der Fehler beeinträchtigt das Verständnis,Lexemauswahl,erfahren
269686,Interferenz mit der Muttersprache,Der Fehler beeinträchtigt das Verständnis nicht,Lexemauswahl,Erfolgserlebnis
269650,Interferenz mit der Muttersprache,Der Fehler beeinträchtigt das Verständnis nicht,Interpunktion,-
269654,Interferenz mit der Muttersprache,Der Fehler beeinträchtigt das Verständnis nicht,Interpunktion,-
269942,Interferenz mit der Muttersprache,Der Sinn ist unverständlich oder verfälscht,Lexemauswahl,Eigenschaften
270549,Tippfehler,Der Fehler beeinträchtigt das Verständnis nicht,Orthographie,verschiedene
270551,Tippfehler,Der Fehler beeinträchtigt das Verständnis nicht,Orthographie,besuchen
270580,Tippfehler,Der Fehler beeinträchtigt das Verständnis nicht,Orthographie,Altstadt
270473,Tippfehler,Der Fehler beeinträchtigt das Verständnis nicht,Orthographie,Boxenstop
270478,Tippfehler,Der Fehler beeinträchtigt das Verständnis nicht,Überflüssige Elemente,-
270336,Tippfehler,Der Fehler beeinträchtigt das Verständnis nicht,Orthographie,in Tübingen
270337,Tippfehler,Der Fehler beeinträchtigt das Verständnis nicht,Orthographie,eine Verkaufsausstellung
270341,Interferenz mit der Muttersprache,Der Fehler beeinträchtigt das Verständnis,Lexemauswahl,die Partnerschaft haben kann
270302,Tippfehler,Der Fehler beeinträchtigt das Verständnis nicht,Orthographie,in Tübingen
270286,Interferenz mit der Muttersprache,Der Fehler beeinträchtigt das Verständnis,Personalpronomen,Es
270289,Interferenz mit der Muttersprache,Der Fehler beeinträchtigt das Verständnis,Geschlecht,die Eberhard Karls Universität
270290,Interferenz mit der Muttersprache,Der Fehler beeinträchtigt das Verständnis nicht,Wortstellung,Ein berühmtes Gebäude ist beispielsweise
270272,Interferenz mit der Muttersprache,Der Fehler beeinträchtigt das Verständnis,Personalpronomen,Es
270165,Tippfehler,Der Fehler beeinträchtigt das Verständnis nicht,Überflüssige Elemente,-
270172,Tippfehler,Der Fehler beeinträchtigt das Verständnis,Orthographie,Kai
270178,Interferenz mit der Muttersprache,Der Fehler beeinträchtigt das Verständnis nicht,Interpunktion,-
270181,Interferenz mit der Muttersprache,Der Fehler beeinträchtigt das Verständnis,Personalpronomen,Es
270196,Interferenz mit Englisch,Der Fehler beeinträchtigt das Verständnis,Lexemauswahl,Kai
270079,Interferenz mit der Muttersprache,Der Fehler beeinträchtigt das Verständnis,Geschlecht,der Grafik
270088,Interferenz mit der Muttersprache,Der Fehler beeinträchtigt das Verständnis,Wortstellung,im Jahr 2020
270091,Interferenz mit der Muttersprache,Der Fehler beeinträchtigt das Verständnis nicht,Interpunktion,-
270350,Interferenz mit der Muttersprache,Der Fehler beeinträchtigt das Verständnis,Lexemauswahl,Schwerpunkt Englisch
270100,Interferenz mit der Muttersprache,Der Fehler beeinträchtigt das Verständnis,Geschlecht,die Umwelt
270067,Tippfehler,Der Fehler beeinträchtigt das Verständnis nicht,Perfekt ,gefunden
270111,Interferenz mit der Muttersprache,Der Fehler beeinträchtigt das Verständnis,Lexemauswahl,Altpapier
270143,Interferenz mit der Muttersprache,Der Fehler beeinträchtigt das Verständnis,Rektion von Substantiven,lachen über
270519,Interferenz mit der Muttersprache,Der Fehler beeinträchtigt das Verständnis,Geschlecht,kein Interesse
270061,Interferenz mit der Muttersprache,Der Fehler beeinträchtigt das Verständnis,Personalpronomen,Er
270522,Interferenz mit der Muttersprache,Der Fehler beeinträchtigt das Verständnis,Geschlecht,Dieser Artikel
270523,Tippfehler,Der Fehler beeinträchtigt das Verständnis nicht,Orthographie,Innenstädte eine
270524,Tippfehler,Der Fehler beeinträchtigt das Verständnis nicht,Orthographie,Freunde sind
270525,Tippfehler,Der Sinn ist unverständlich oder verfälscht,Orthographie,???
270376,Interferenz mit der Muttersprache,Der Sinn ist unverständlich oder verfälscht,Lexemauswahl,dem Vortrag
270383,Interferenz mit der Muttersprache,Der Fehler beeinträchtigt das Verständnis,Personalpronomen,er
270120,Interferenz mit der Muttersprache,Der Fehler beeinträchtigt das Verständnis nicht,Interpunktion,-
270277,Tippfehler,Der Fehler beeinträchtigt das Verständnis nicht,Interpunktion,.
270445,Interferenz mit der Muttersprache,Der Fehler beeinträchtigt das Verständnis,Geschlecht,dieses Ziel
270447,Interferenz mit Englisch,Der Sinn ist unverständlich oder verfälscht,Lexemauswahl,auch
270584,Interferenz mit der Muttersprache,Der Sinn ist unverständlich oder verfälscht,Lexemauswahl,Menschen
270607,Interferenz mit der Muttersprache,Der Fehler beeinträchtigt das Verständnis,Geschlecht,das Schlafzimmer
270609,Interferenz mit der Muttersprache,Der Fehler beeinträchtigt das Verständnis,Geschlecht,das Arbeitszimmer
270632,Tippfehler,Der Fehler beeinträchtigt das Verständnis nicht,Überflüssige Elemente,-
270659,Interferenz mit Englisch,Der Fehler beeinträchtigt das Verständnis nicht,Orthographie,praktisch
